{
  "f1_score": 0.5959183673469388,
  "accuracy": 0.5202813599062134,
  "precision_out": 0.6524800979791794,
  "recall_out": 0.2987104008971124,
  "precision_in": 0.4749711407283031,
  "recall_in": 0.7995053877406818
}